{"cameraMode":{"drawMode":0,"name":"Shaded","section":"Shading Mode"},"sceneLighting":true,"audioPlay":false,"sceneViewState":{"m_AlwaysRefresh":false,"showFog":true,"showSkybox":true,"showFlares":true,"showImageEffects":true,"showParticleSystems":true,"showVisualEffectGraphs":true,"m_FxEnabled":true},"in2DMode":false,"pivot":{"x":-0.0032717203721404077,"y":0.9785652160644531,"z":-0.019310642033815385},"rotation":{"x":0.02600964717566967,"y":-0.5751892924308777,"z":0.01830328442156315,"w":0.8174054622650147},"size":0.9517892599105835,"orthographic":false}